City_ID,City,Country,Date,Lat,Lng,Max Temp,Humidity,Cloudiness,Wind Speed
0,East London,ZA,2022-02-10 02:05:14,-33.0153,27.9116,67.59,77,0,6.02
1,Ambulu,ID,2022-02-10 02:05:14,-8.345,113.6058,83.68,67,100,2.73
2,Sitka,US,2022-02-10 02:05:15,57.0531,-135.33,42.69,87,100,17.27
3,Upernavik,GL,2022-02-10 02:05:15,72.7868,-56.1549,-13.74,80,100,11.61
4,Pevek,RU,2022-02-10 02:05:15,69.7008,170.3133,-31.11,99,98,4.99
5,Longyearbyen,SJ,2022-02-10 02:00:56,78.2186,15.6401,13.84,85,40,6.91
6,Albany,US,2022-02-10 02:02:09,42.6001,-73.9662,40.68,66,100,4.25
7,Yellowknife,CA,2022-02-10 02:05:16,62.456,-114.3525,-6.59,96,100,13.4
8,Labytnangi,RU,2022-02-10 02:05:16,66.6572,66.4183,-3.33,100,100,1.66
9,Chulym,RU,2022-02-10 02:05:17,55.0997,80.9572,-13.29,94,5,8.05
10,Pandan,PH,2022-02-10 02:05:17,14.0453,124.1694,81.14,70,100,14.41
11,Bluff,NZ,2022-02-10 02:05:17,-46.6,168.3333,63.25,89,55,12.66
12,Punta Arenas,CL,2022-02-10 02:05:18,-53.15,-70.9167,46.51,57,40,24.16
13,Busselton,AU,2022-02-10 02:05:18,-33.65,115.3333,80.04,41,5,6.89
14,Avarua,CK,2022-02-10 02:05:19,-21.2078,-159.775,80.65,83,100,16.11
15,Cherskiy,RU,2022-02-10 02:03:54,68.75,161.3,-38.7,98,90,4.85
16,Muncar,ID,2022-02-10 02:05:19,-8.4333,114.3333,84.6,66,100,2.28
17,Kokopo,PG,2022-02-10 02:05:19,-4.352,152.2633,85.53,65,93,7.83
18,Hilo,US,2022-02-10 02:05:20,19.7297,-155.09,76.73,73,20,6.91
19,Rikitea,PF,2022-02-10 02:03:44,-23.1203,-134.9692,79.07,72,50,16.42
20,Norman Wells,CA,2022-02-10 02:05:20,65.282,-126.8329,-9.67,96,100,3.4
21,Phalaborwa,ZA,2022-02-10 02:01:47,-23.943,31.1411,72.77,71,5,7.61
22,Itapetininga,BR,2022-02-10 02:05:21,-23.5917,-48.0531,61.59,94,2,7.31
23,Tasiilaq,GL,2022-02-10 02:05:21,65.6145,-37.6368,14.16,54,100,8.7
24,Russell,US,2022-02-10 02:01:42,32.3502,-85.1999,51.03,65,0,0.0
25,Provideniya,RU,2022-02-10 02:05:21,64.3833,-173.3,-3.89,59,0,15.66
26,Bathsheba,BB,2022-02-10 02:05:22,13.2167,-59.5167,77.22,72,13,18.45
27,Blackpool,GB,2022-02-10 02:04:28,53.8167,-3.05,41.9,71,99,20.4
28,Anzio,IT,2022-02-10 02:05:22,41.4853,12.6179,51.44,82,0,9.35
29,Port Alfred,ZA,2022-02-10 02:05:23,-33.5906,26.891,64.9,84,1,9.08
30,Hobart,AU,2022-02-10 02:02:31,-42.8794,147.3294,74.26,42,75,17.27
31,Rocha,UY,2022-02-10 02:04:33,-34.4833,-54.3333,60.82,86,0,5.88
32,Lebu,CL,2022-02-10 02:04:04,-37.6167,-73.65,59.86,83,38,21.14
33,Arraial Do Cabo,BR,2022-02-10 02:05:23,-22.9661,-42.0278,70.5,88,93,9.01
34,San Lorenzo,PY,2022-02-10 02:05:24,-25.3333,-57.5333,74.34,60,6,0.0
35,Luderitz,NA,2022-02-10 02:05:24,-26.6481,15.1594,73.49,52,80,16.73
36,Mataura,NZ,2022-02-10 02:03:37,-46.1927,168.8643,81.05,34,23,6.13
37,Barreirinha,BR,2022-02-10 02:05:24,-2.7933,-57.07,74.89,95,100,2.68
38,Faanui,PF,2022-02-10 02:05:25,-16.4833,-151.75,81.27,75,89,12.59
39,Tesalia,CO,2022-02-10 02:05:25,2.4859,-75.7292,71.15,87,98,1.45
40,Carnarvon,AU,2022-02-10 02:05:25,-24.8667,113.6333,85.33,47,0,8.43
41,Tilichiki,RU,2022-02-10 02:05:26,60.4667,166.1,-6.84,75,5,5.44
42,Erbaa,TR,2022-02-10 02:05:26,40.6689,36.5675,38.19,98,100,5.66
43,Batagay,RU,2022-02-10 02:05:26,67.6333,134.6333,-32.4,94,66,1.95
44,Tucuman,AR,2022-02-10 02:06:27,-26.8241,-65.2226,68.0,83,0,8.05
45,Oistins,BB,2022-02-10 02:03:03,13.0667,-59.5333,77.14,72,13,19.15
46,Sao Filipe,CV,2022-02-10 02:04:08,14.8961,-24.4956,76.96,55,98,5.86
47,Bredasdorp,ZA,2022-02-10 02:06:27,-34.5322,20.0403,63.28,84,100,4.92
48,Cache Creek,CA,2022-02-10 02:01:58,50.8101,-121.3246,43.92,98,100,4.45
49,Wajir,KE,2022-02-10 02:06:28,1.7471,40.0573,73.11,79,3,11.63
50,Bengkulu,ID,2022-02-10 02:05:16,-3.8004,102.2655,77.07,68,100,5.01
51,Saravena,CO,2022-02-10 02:06:28,6.9538,-71.8752,72.21,93,100,3.31
52,Mecca,SA,2022-02-10 02:06:29,21.4267,39.8261,70.5,81,1,2.26
53,Bambanglipuro,ID,2022-02-10 02:06:29,-7.95,110.2833,79.9,80,100,11.01
54,Garowe,SO,2022-02-10 02:06:29,8.4054,48.4845,62.67,84,0,7.83
55,Kangaatsiaq,GL,2022-02-10 02:06:30,68.3065,-53.4641,-11.27,98,96,13.94
56,Vaini,TO,2022-02-10 02:06:30,-21.2,-175.2,80.38,83,19,17.9
57,Ushuaia,AR,2022-02-10 02:06:30,-54.8,-68.3,47.86,46,75,18.41
58,Natal,BR,2022-02-10 02:06:31,-5.795,-35.2094,81.25,78,20,5.75
59,Butaritari,KI,2022-02-10 02:06:31,3.0707,172.7902,81.79,77,100,15.26
60,Charters Towers,AU,2022-02-10 02:01:57,-20.1,146.2667,87.82,42,11,2.64
61,Barrow,US,2022-02-10 02:06:31,71.2906,-156.7887,-20.18,69,100,10.36
62,Ugento,IT,2022-02-10 02:06:32,39.9263,18.1574,45.46,80,0,11.34
63,Cabo San Lucas,MX,2022-02-10 02:06:26,22.8909,-109.9124,71.51,71,20,9.22
64,Iraray,PH,2022-02-10 02:06:32,8.9936,118.0511,83.03,70,93,12.53
65,Vanimo,PG,2022-02-10 02:06:33,-2.6741,141.3028,84.87,69,31,2.55
66,San Cristobal,VE,2022-02-10 02:06:33,7.7669,-72.225,73.58,92,95,1.66
67,Rafai,CF,2022-02-10 02:06:33,4.95,23.9167,69.78,32,91,2.33
68,Tiarei,PF,2022-02-10 02:04:10,-17.5333,-149.3333,86.0,77,23,14.54
69,Souillac,MU,2022-02-10 02:06:34,-20.5167,57.5167,73.78,94,40,2.3
70,Atuona,PF,2022-02-10 02:06:34,-9.8,-139.0333,78.55,76,10,17.49
71,Kudahuvadhoo,MV,2022-02-10 02:06:34,2.6708,72.8944,80.85,73,44,9.19
72,Tambura,SS,2022-02-10 02:06:35,5.6,27.4667,71.49,27,95,3.62
73,Broome,US,2022-02-10 02:06:35,42.2506,-75.833,42.21,63,100,6.91
74,Hermanus,ZA,2022-02-10 02:03:44,-34.4187,19.2345,66.9,87,99,7.05
75,Laguna,US,2022-02-10 02:03:00,38.421,-121.4238,67.82,58,0,1.01
76,Sur,OM,2022-02-10 02:06:35,22.5667,59.5289,66.56,65,3,2.24
77,Namibe,AO,2022-02-10 02:06:36,-15.1961,12.1522,72.1,84,99,7.52
78,Ust-Kulom,RU,2022-02-10 02:06:36,61.6864,53.6902,20.16,93,100,9.4
79,Bambous Virieux,MU,2022-02-10 02:06:36,-20.3428,57.7575,73.65,94,40,2.3
80,Adrar,MR,2022-02-10 02:02:05,20.5022,-10.0711,62.29,15,8,12.15
81,Cape Town,ZA,2022-02-10 02:06:37,-33.9258,18.4232,68.88,87,100,1.01
82,Kodiak,US,2022-02-10 02:06:37,57.79,-152.4072,20.71,42,0,14.97
83,Amapa,BR,2022-02-10 02:06:38,1.0,-52.0,71.42,99,47,2.44
84,Quatre Cocos,MU,2022-02-10 02:06:38,-20.2078,57.7625,73.51,77,89,5.84
85,Beloha,MG,2022-02-10 02:06:38,-25.1667,45.05,70.54,91,5,4.23
86,Kutoarjo,ID,2022-02-10 02:06:39,-7.7169,109.9128,79.99,80,100,3.13
87,Kapaa,US,2022-02-10 02:03:53,22.0752,-159.319,78.78,69,75,6.91
88,Kutahya,TR,2022-02-10 02:06:39,39.4242,29.9833,30.15,85,100,14.07
89,Oranjemund,NA,2022-02-10 02:06:39,-28.55,16.4333,63.34,90,3,7.18
90,Jamestown,US,2022-02-10 02:05:37,42.097,-79.2353,45.72,37,40,10.36
91,Mut,TR,2022-02-10 02:06:40,36.6439,33.4389,36.46,77,89,13.42
92,Antalaha,MG,2022-02-10 02:06:40,-14.9003,50.2788,74.71,92,70,4.29
93,Shingu,JP,2022-02-10 02:07:41,33.7333,135.9833,48.9,81,100,6.91
94,Bethel,US,2022-02-10 02:07:41,41.3712,-73.414,36.45,79,0,0.0
95,Hit,IQ,2022-02-10 02:07:41,33.6416,42.8251,59.86,46,88,12.44
96,Shakawe,BW,2022-02-10 02:07:42,-18.3667,21.85,66.65,89,6,2.66
97,Gladstone,AU,2022-02-10 02:03:06,-23.85,151.25,85.93,48,40,11.5
98,Mahebourg,MU,2022-02-10 02:07:42,-20.4081,57.7,73.69,94,40,2.3
99,Guerrero Negro,MX,2022-02-10 02:07:42,27.9769,-114.0611,63.77,55,0,9.19
100,Nikolskoye,RU,2022-02-10 02:07:43,59.7035,30.7861,36.88,98,100,10.83
101,Tuktoyaktuk,CA,2022-02-10 02:07:43,69.4541,-133.0374,-15.02,92,100,13.67
102,Port Hardy,CA,2022-02-10 02:07:43,50.6996,-127.4199,46.76,93,75,6.91
103,Thompson,CA,2022-02-10 02:07:44,55.7435,-97.8558,-15.14,99,60,2.53
104,Sinjai,ID,2022-02-10 02:03:55,-5.1241,120.253,76.33,91,100,3.74
105,Kruisfontein,ZA,2022-02-10 02:07:44,-34.0033,24.7314,61.3,76,0,5.93
106,Ust-Omchug,RU,2022-02-10 02:07:45,61.15,149.6333,-9.72,87,99,3.69
107,Linhares,BR,2022-02-10 02:07:45,-19.3911,-40.0722,72.61,97,43,3.42
108,Gushikawa,JP,2022-02-10 02:07:45,26.3544,127.8686,65.79,77,100,18.41
109,Olenino,RU,2022-02-10 02:07:46,56.2092,33.4889,29.17,97,100,9.53
110,Saskylakh,RU,2022-02-10 02:07:46,71.9167,114.0833,-0.47,90,99,13.47
111,Pangnirtung,CA,2022-02-10 02:07:46,66.1451,-65.7125,-20.31,97,100,5.59
112,Georgetown,MY,2022-02-10 02:07:47,5.4112,100.3354,82.33,81,20,0.0
113,Hearst,CA,2022-02-10 02:07:47,49.6835,-83.6665,26.89,96,100,8.05
114,Dikson,RU,2022-02-10 02:07:47,73.5069,80.5464,5.31,94,100,20.87
115,Vardo,NO,2022-02-10 02:07:48,70.3705,31.1107,29.21,77,100,19.55
116,Saint George,US,2022-02-10 02:04:00,37.1041,-113.5841,61.39,24,0,19.57
117,Sioux Lookout,CA,2022-02-10 02:07:48,50.1001,-91.917,8.98,91,100,9.26
118,Aykhal,RU,2022-02-10 02:07:48,66.0,111.5,-4.59,78,100,2.86
119,Airai,TL,2022-02-10 02:07:49,-8.9266,125.4092,71.37,76,80,0.92
120,Havelock,US,2022-02-10 02:07:49,34.8791,-76.9013,47.93,89,0,3.49
121,Sinop,TR,2022-02-10 02:07:49,41.7711,34.8709,29.34,94,90,4.79
122,Saint-Pierre,RE,2022-02-10 02:07:50,-21.3393,55.4781,73.08,68,40,6.91
123,La Ronge,CA,2022-02-10 02:07:50,55.1001,-105.2842,14.54,96,100,2.8
124,Victoria,HK,2022-02-10 02:05:26,22.2855,114.1577,65.95,84,97,3.0
125,Sao Joao Da Barra,BR,2022-02-10 02:07:50,-21.6403,-41.0511,68.59,96,100,9.69
126,Dubbo,AU,2022-02-10 02:03:09,-32.25,148.6167,89.73,20,9,8.05
127,Baillif,GP,2022-02-10 02:07:51,16.0202,-61.7463,75.63,75,6,10.27
128,Salamiyah,SY,2022-02-10 02:07:51,35.0113,37.0532,44.1,84,100,12.37
129,Ruhengeri,RW,2022-02-10 02:07:51,-1.4998,29.635,59.4,85,100,2.33
130,Manokwari,ID,2022-02-10 02:07:52,-0.8667,134.0833,78.53,81,100,5.66
131,Cururupu,BR,2022-02-10 02:07:52,-1.8283,-44.8683,74.26,94,67,2.3
132,Mar Del Plata,AR,2022-02-10 02:07:53,-38.0023,-57.5575,70.09,80,0,21.99
133,Bundaberg,AU,2022-02-10 02:07:53,-24.85,152.35,88.21,51,0,3.0
134,Severo-Kurilsk,RU,2022-02-10 02:07:53,50.6789,156.125,30.97,75,100,18.92
135,Shelburne,CA,2022-02-10 02:07:54,44.0787,-80.2041,36.27,88,100,12.17
136,Portland,US,2022-02-10 02:03:54,45.5234,-122.6762,55.6,78,40,4.0
137,Mishelevka,RU,2022-02-10 02:07:54,52.8575,103.1719,-6.47,95,100,8.55
138,Coihaique,CL,2022-02-10 02:07:54,-45.5752,-72.0662,50.61,66,0,3.44
139,Quelimane,MZ,2022-02-10 02:07:55,-17.8786,36.8883,76.95,88,0,0.0
140,Makakilo City,US,2022-02-10 02:08:55,21.3469,-158.0858,79.12,59,40,16.11
141,Espanola,US,2022-02-10 02:08:55,35.9911,-106.0806,42.78,57,25,4.09
142,Ahipara,NZ,2022-02-10 02:08:56,-35.1667,173.1667,79.63,68,100,11.9
143,Torbay,CA,2022-02-10 02:05:29,47.6666,-52.7314,34.57,91,16,14.0
144,Port Elizabeth,ZA,2022-02-10 02:08:56,-33.918,25.5701,64.54,81,12,7.92
145,Leningradskiy,RU,2022-02-10 02:08:56,69.3833,178.4167,-28.79,97,83,6.26
146,Iqaluit,CA,2022-02-10 02:08:57,63.7506,-68.5145,-25.31,67,82,5.99
147,Nanortalik,GL,2022-02-10 02:08:57,60.1432,-45.2371,20.07,69,77,7.78
148,Ulaangom,MN,2022-02-10 02:08:58,49.9811,92.0667,-17.86,99,100,0.54
149,North Vanlaiphai,IN,2022-02-10 02:08:58,23.1333,93.0667,50.77,41,1,2.06
150,Mogapinyana,BW,2022-02-10 02:08:58,-22.3667,27.6,71.26,67,40,2.42
151,Galesong,ID,2022-02-10 02:08:59,-5.3166,119.3661,84.22,81,100,9.78
152,Monaghan,IE,2022-02-10 02:08:59,54.25,-6.9667,34.39,79,77,11.9
153,Hailar,CN,2022-02-10 02:08:59,49.2,119.7,-0.11,92,100,6.17
154,Ponta Do Sol,PT,2022-02-10 02:08:59,32.6667,-17.1,69.71,34,100,3.8
155,Buraydah,SA,2022-02-10 02:09:00,26.326,43.975,60.08,32,0,11.88
156,Kuldur,RU,2022-02-10 02:09:00,49.2167,131.6333,12.02,87,100,3.18
157,Saldanha,ZA,2022-02-10 02:09:00,-33.0117,17.9442,64.4,93,38,3.06
158,Ilulissat,GL,2022-02-10 02:09:01,69.2167,-51.1,10.42,67,20,23.02
159,Watertown,US,2022-02-10 02:09:01,42.3709,-71.1828,37.11,70,0,10.36
160,Touros,BR,2022-02-10 02:09:02,-5.1989,-35.4608,81.5,71,78,8.81
161,Hay River,CA,2022-02-10 02:09:02,60.8156,-115.7999,-0.44,78,100,13.8
162,Bayir,TR,2022-02-10 02:09:02,37.2687,28.2167,39.72,82,5,9.4
163,Collie,AU,2022-02-10 02:09:03,-33.3667,116.15,76.98,31,1,8.21
164,Katsuura,JP,2022-02-10 02:09:03,35.1333,140.3,42.82,83,100,19.46
165,Castro,BR,2022-02-10 02:09:03,-24.7911,-50.0119,59.0,98,16,6.04
166,Nelson Bay,AU,2022-02-10 02:09:04,-32.7167,152.15,90.77,61,2,3.0
167,Bogorodskoye,RU,2022-02-10 02:09:04,56.55,37.8833,20.86,96,94,6.69
168,Klaksvik,FO,2022-02-10 02:06:13,62.2266,-6.589,32.92,61,100,20.42
169,Salawagan,PH,2022-02-10 02:09:05,7.7053,125.115,82.18,67,97,6.13
170,Poplar Bluff,US,2022-02-10 02:09:05,36.757,-90.3929,49.62,56,0,0.0
171,Winburg,ZA,2022-02-10 02:09:06,-28.518,27.0093,68.56,49,86,4.25
172,Auburn,US,2022-02-10 02:06:11,47.3073,-122.2284,52.45,81,75,5.75
173,Balikpapan,ID,2022-02-10 02:09:06,-1.2675,116.8289,79.79,89,40,4.61
174,Mount Gambier,AU,2022-02-10 02:09:06,-37.8333,140.7667,68.68,45,30,10.07
175,Grindavik,IS,2022-02-10 02:09:07,63.8424,-22.4338,23.47,68,0,5.75
176,Tonekabon,IR,2022-02-10 02:09:07,36.8163,50.8738,56.73,49,100,5.28
177,Lompoc,US,2022-02-10 02:06:30,34.6391,-120.4579,73.54,30,0,4.61
178,Macapa,BR,2022-02-10 02:09:08,0.0389,-51.0664,78.78,94,0,3.44
179,Chuy,UY,2022-02-10 02:09:08,-33.6971,-53.4616,65.37,77,0,8.5
180,Popondetta,PG,2022-02-10 02:09:09,-8.7537,148.2534,85.32,72,40,4.85
181,Talnakh,RU,2022-02-10 02:09:09,69.4865,88.3972,-5.8,98,100,10.58
182,Flinders,AU,2022-02-10 02:09:09,-34.5833,150.8552,91.8,55,35,4.0
183,Bratsk,RU,2022-02-10 02:09:10,56.1325,101.6142,-24.66,99,96,2.66
184,Acarau,BR,2022-02-10 02:10:10,-2.8856,-40.12,78.28,77,45,9.31
185,Trinidad,BO,2022-02-10 02:10:10,-14.8333,-64.9,74.61,77,100,0.72
186,Narsaq,GL,2022-02-10 02:10:11,60.9167,-46.05,16.02,70,98,9.66
187,Omboue,GA,2022-02-10 02:05:31,-1.5746,9.2618,78.62,89,100,5.75
188,Buchanan,LR,2022-02-10 02:10:11,5.8808,-10.0467,77.95,87,9,2.55
189,Port Macquarie,AU,2022-02-10 02:09:45,-31.4333,152.9167,87.89,46,0,6.82
190,Namatanai,PG,2022-02-10 02:10:12,-3.6667,152.4333,84.33,71,56,6.08
191,Inverell,AU,2022-02-10 02:10:12,-29.7833,151.1167,90.66,32,0,5.01
192,North Bend,US,2022-02-10 02:10:12,43.4065,-124.2243,59.23,92,0,12.66
193,Tuatapere,NZ,2022-02-10 02:09:13,-46.1333,167.6833,74.64,50,20,3.06
194,Ancud,CL,2022-02-10 02:10:13,-41.8697,-73.8203,53.42,73,90,9.22
195,Lunino,RU,2022-02-10 02:10:13,53.5918,45.2271,28.9,97,100,5.7
196,Bela,IN,2022-02-10 02:10:14,25.9333,81.9833,54.88,87,0,5.26
197,Ishigaki,JP,2022-02-10 02:10:14,24.3448,124.1572,68.85,82,25,16.24
198,Palmer,US,2022-02-10 02:10:15,42.1584,-72.3287,34.97,76,75,0.0
199,San Quintin,MX,2022-02-10 02:10:15,30.4833,-115.95,61.48,49,0,3.96
200,Bairiki,KI,2022-02-10 02:10:15,1.3292,172.9752,86.0,74,40,10.36
201,Dzerzhinsk,RU,2022-02-10 02:10:16,56.2389,43.4631,24.62,86,75,4.47
202,Tabou,CI,2022-02-10 02:10:16,4.423,-7.3528,78.51,87,12,5.82
203,Port Blair,IN,2022-02-10 02:10:17,11.6667,92.75,80.6,71,90,13.22
204,Nuuk,GL,2022-02-10 02:06:42,64.1835,-51.7216,21.81,93,100,8.05
205,Khatanga,RU,2022-02-10 02:10:17,71.9667,102.5,-3.98,94,78,14.14
206,Qaanaaq,GL,2022-02-10 02:10:18,77.484,-69.3632,-20.78,66,96,7.27
207,Ranong,TH,2022-02-10 02:10:18,9.9658,98.6348,80.91,75,64,3.8
208,Itajuba,BR,2022-02-10 02:10:18,-22.4256,-45.4528,66.76,84,99,2.89
209,Marzuq,YE,2022-02-10 02:10:19,14.4,46.4667,56.97,36,6,2.13
210,Nerchinskiy Zavod,RU,2022-02-10 02:10:19,51.3088,119.61,-7.91,97,94,3.6
211,Vilya,RU,2022-02-10 02:10:19,55.2456,42.2089,18.55,97,96,4.61
212,New Norfolk,AU,2022-02-10 02:10:20,-42.7826,147.0587,73.92,31,10,9.31
213,Muisne,EC,2022-02-10 02:10:20,0.6,-80.0333,76.41,85,93,3.49
214,Goure,NE,2022-02-10 02:10:20,13.9835,10.2704,61.11,8,2,9.1
215,Sarangani,PH,2022-02-10 02:10:21,5.4033,125.4636,81.9,76,100,19.71
216,Glendive,US,2022-02-10 02:10:21,47.1053,-104.7125,34.43,90,0,6.91
217,Egvekinot,RU,2022-02-10 02:10:22,66.3167,-179.1667,-22.52,89,31,5.7
218,Los Llanos De Aridane,ES,2022-02-10 02:10:22,28.6585,-17.9182,72.12,31,0,6.91
219,Santa Barbara,US,2022-02-10 02:10:22,34.7333,-120.0343,64.0,31,24,5.88
220,Ayagoz,KZ,2022-02-10 02:10:23,47.9714,80.4392,-2.27,98,100,6.85
221,Santa Maria Del Oro,MX,2022-02-10 02:10:23,25.9333,-105.3667,51.12,29,86,10.31
222,Chokurdakh,RU,2022-02-10 02:10:23,70.6333,147.9167,-20.9,98,100,11.97
223,Itanhem,BR,2022-02-10 02:10:24,-17.1664,-40.33,72.07,93,35,4.32
224,Kununurra,AU,2022-02-10 02:09:15,-15.7667,128.7333,89.58,62,78,5.75
225,Salisbury,GB,2022-02-10 02:08:57,51.0693,-1.7957,46.51,91,100,7.76
226,Valdivia,CL,2022-02-10 02:07:51,-39.8142,-73.2459,60.89,65,100,2.77
227,Esso,RU,2022-02-10 02:10:24,55.9333,158.7,13.93,88,18,1.77
228,Mana,GF,2022-02-10 02:06:13,5.6592,-53.7767,76.64,83,13,7.11
229,Shakhtinsk,KZ,2022-02-10 02:10:25,49.71,72.5872,-12.44,100,100,3.94
230,Leeton,AU,2022-02-10 02:11:25,-34.5667,146.4,85.89,33,100,2.66
231,Chippewa Falls,US,2022-02-10 02:11:25,44.9369,-91.3929,27.54,70,100,12.66
232,Saint-Joseph,RE,2022-02-10 02:11:26,-21.3667,55.6167,71.98,80,47,3.06
233,Fairbanks,US,2022-02-10 02:11:26,64.8378,-147.7164,-1.91,77,100,5.75
234,Cayenne,GF,2022-02-10 02:08:21,4.9333,-52.3333,75.24,91,75,4.61
235,Lata,PT,2022-02-10 02:11:27,40.1629,-8.3327,47.05,69,64,3.44
236,Fortuna,US,2022-02-10 02:11:27,40.5982,-124.1573,62.1,72,0,0.0
237,Bardiyah,LY,2022-02-10 02:11:27,31.7561,25.0865,51.89,65,30,15.68
238,Buala,SB,2022-02-10 02:11:28,-8.145,159.5921,83.23,80,89,10.45
239,Dingle,PH,2022-02-10 02:09:08,10.9995,122.6711,82.83,65,12,16.35
240,Diffa,NE,2022-02-10 02:11:28,13.3154,12.6113,63.82,22,4,9.62
241,Ust-Nera,RU,2022-02-10 02:11:28,64.5667,143.2,-20.88,97,69,4.9
242,Brae,GB,2022-02-10 02:11:29,60.3964,-1.353,37.31,78,96,19.86
243,Qaqortoq,GL,2022-02-10 02:11:29,60.7167,-46.0333,16.3,70,100,10.02
244,Port-Gentil,GA,2022-02-10 02:11:29,-0.7193,8.7815,81.14,80,100,8.23
245,Axim,GH,2022-02-10 02:11:30,4.8699,-2.2405,77.13,91,59,4.68
246,Puerto Ayora,EC,2022-02-10 02:11:30,-0.7393,-90.3518,73.49,83,96,5.68
247,Takab,IR,2022-02-10 02:11:31,36.4009,47.1133,24.87,66,78,3.22
248,Rundu,NA,2022-02-10 02:11:31,-17.9333,19.7667,69.24,84,90,3.31
249,Anamur,TR,2022-02-10 02:11:31,36.0751,32.8369,44.62,61,97,9.46
250,Muros,ES,2022-02-10 02:11:31,42.7762,-9.0603,54.23,95,23,6.55
251,Christchurch,NZ,2022-02-10 02:10:22,-43.5333,172.6333,76.91,76,20,5.01
252,Sudislavl,RU,2022-02-10 02:11:32,57.8817,41.7083,23.56,96,100,5.93
253,Wagar,SD,2022-02-10 02:11:32,16.1525,36.2032,71.56,71,0,7.99
254,Alofi,NU,2022-02-10 02:11:33,-19.0595,-169.9187,85.89,70,40,8.05
255,Narrabri,AU,2022-02-10 02:11:33,-30.3167,149.7833,90.52,30,2,4.0
256,Madimba,TZ,2022-02-10 02:11:33,-10.4,40.3333,78.71,84,100,8.55
257,Susangerd,IR,2022-02-10 02:11:34,31.5608,48.1831,54.3,47,0,10.33
258,Hithadhoo,MV,2022-02-10 02:11:34,-0.6,73.0833,81.73,74,14,11.86
259,Gazanjyk,TM,2022-02-10 02:10:16,39.2446,55.5154,49.15,39,3,4.32
260,Jesus Carranza,MX,2022-02-10 02:11:35,17.4333,-95.0333,63.41,92,100,2.68
261,Olafsvik,IS,2022-02-10 02:11:35,64.8945,-23.7142,26.6,58,46,9.51
262,Waren,DE,2022-02-10 02:11:35,53.5167,12.6833,40.69,96,100,5.53
263,Udachnyy,RU,2022-02-10 02:11:36,66.4167,112.4,-2.56,83,99,3.04
264,Chapais,CA,2022-02-10 02:11:36,49.7834,-74.8492,24.58,96,100,10.56
265,Santa Rosa,PH,2022-02-10 02:11:36,14.3122,121.1114,85.08,66,60,13.51
266,Puerto Narino,CO,2022-02-10 02:11:37,-3.7703,-70.3831,75.15,99,84,0.96
267,Camopi,GF,2022-02-10 02:11:37,3.1655,-52.3158,71.22,99,100,2.17
268,Caraballeda,VE,2022-02-10 02:11:37,10.6112,-66.8522,77.07,83,20,0.0
269,Suntar,RU,2022-02-10 02:11:38,62.1444,117.6319,-17.36,96,100,1.99
270,Esperance,AU,2022-02-10 02:11:38,-33.8667,121.9,75.06,54,4,9.28
271,Tucumcari,US,2022-02-10 02:07:17,35.1717,-103.725,44.44,31,0,8.05
272,Vera Cruz,BR,2022-02-10 02:11:38,-12.6333,-41.0333,72.64,79,91,2.86
273,Kangaba,ML,2022-02-10 02:11:39,11.9333,-8.4167,73.78,15,2,6.44
274,Lyuban,BY,2022-02-10 02:11:39,52.7985,28.0048,38.37,98,100,16.67
275,Tiksi,RU,2022-02-10 02:12:40,71.6872,128.8694,-12.91,93,100,12.59
276,Joao Pinheiro,BR,2022-02-10 02:12:40,-17.7425,-46.1725,67.48,97,100,3.22
277,Kewanee,US,2022-02-10 02:12:40,41.2456,-89.9248,36.36,92,98,13.06
278,Mollendo,PE,2022-02-10 02:12:41,-17.0231,-72.0147,68.85,80,8,4.74
279,Vestmannaeyjar,IS,2022-02-10 02:12:41,63.4427,-20.2734,25.41,71,95,17.47
280,Porto Walter,BR,2022-02-10 02:12:41,-8.2686,-72.7439,71.69,99,100,2.3
281,Rantepao,ID,2022-02-10 02:12:42,-2.9701,119.8978,70.66,95,100,1.59
282,Sembe,CG,2022-02-10 02:12:42,1.6481,14.5806,71.46,37,69,1.74
283,Zhaoyang,CN,2022-02-10 02:12:42,42.682,126.0305,22.33,77,13,2.24
284,Uvinza,TZ,2022-02-10 02:12:43,-5.1036,30.3911,66.06,94,100,2.15
285,Matara,LK,2022-02-10 02:12:43,5.9485,80.5353,76.86,78,88,3.06
286,Dunedin,NZ,2022-02-10 02:09:00,-45.8742,170.5036,68.81,82,57,5.99
287,Kotdwara,IN,2022-02-10 02:12:43,29.75,78.5333,42.75,80,0,5.68
288,Lorengau,PG,2022-02-10 02:12:44,-2.0226,147.2712,85.15,71,61,7.7
289,Navoi,UZ,2022-02-10 02:12:44,40.0844,65.3792,36.88,70,2,16.11
290,Veszprem,HU,2022-02-10 02:07:51,47.0933,17.9115,40.06,60,1,2.04
291,Hualmay,PE,2022-02-10 02:12:45,-11.0964,-77.6139,70.03,82,48,6.71
292,Irbil,IQ,2022-02-10 02:12:45,36.1926,44.0106,51.8,65,100,6.6
293,Mackay,AU,2022-02-10 02:08:06,-21.15,149.2,91.69,61,0,8.43
294,Mehamn,NO,2022-02-10 02:12:45,71.0357,27.8492,17.31,90,45,9.19
295,Pemangkat,ID,2022-02-10 02:12:46,1.1667,108.9667,74.91,92,100,3.0
296,Shahr-E Babak,IR,2022-02-10 02:12:46,30.1165,55.1186,40.33,41,0,7.2
297,Kungurtug,RU,2022-02-10 02:12:46,50.5994,97.5228,-15.75,97,100,1.34
298,Kankakee,US,2022-02-10 02:12:47,41.15,-87.8667,37.11,85,100,14.97
299,San Patricio,US,2022-02-10 02:12:47,28.017,-97.5169,59.09,54,4,8.7
300,Beringovskiy,RU,2022-02-10 02:10:22,63.05,179.3167,-16.42,86,2,10.0
301,Lander,US,2022-02-10 02:12:48,42.833,-108.7307,42.8,48,0,0.0
302,Aswan,EG,2022-02-10 02:09:58,24.0934,32.907,54.03,43,0,15.37
303,Porangatu,BR,2022-02-10 02:12:48,-13.4408,-49.1486,71.91,94,100,3.24
304,Sri Aman,MY,2022-02-10 02:12:48,1.2376,111.4621,76.12,94,100,0.96
305,Kaitangata,NZ,2022-02-10 02:12:49,-46.2817,169.8464,68.94,84,84,3.04
306,Skoghall,SE,2022-02-10 02:12:49,59.3232,13.4655,36.16,75,42,12.66
307,Tessalit,ML,2022-02-10 02:12:49,20.1986,1.0114,62.94,10,0,8.57
308,Ribeira Grande,PT,2022-02-10 02:09:42,38.5167,-28.7,59.34,71,2,15.61
309,Jalu,LY,2022-02-10 02:12:50,29.0331,21.5482,48.69,61,5,9.93
310,San Antonio,US,2022-02-10 02:08:22,29.4241,-98.4936,62.58,35,0,5.75
311,Nantucket,US,2022-02-10 02:12:50,41.2835,-70.0995,37.51,86,0,4.61
312,Kyren,RU,2022-02-10 02:12:50,51.6828,102.1408,-7.01,96,96,0.58
313,Bandarbeyla,SO,2022-02-10 02:09:58,9.4942,50.8122,72.54,70,100,14.36
314,Kipushi,CD,2022-02-10 02:12:51,-11.7667,27.2333,62.35,99,100,2.46
315,Asilah,MA,2022-02-10 02:12:51,35.465,-6.0348,57.16,84,0,10.69
316,Chichigalpa,NI,2022-02-10 02:12:52,12.5776,-87.027,75.79,73,64,2.82
317,Fussen,DE,2022-02-10 02:12:52,47.8739,12.1695,35.02,72,53,5.53
318,Codrington,AU,2022-02-10 02:12:52,-38.2667,141.9667,65.77,57,96,14.72
319,Mezen,RU,2022-02-10 02:12:53,65.8522,44.24,18.0,93,100,10.38
320,Saint-Philippe,RE,2022-02-10 02:12:53,-21.3585,55.7679,72.99,79,51,2.59
321,Oga,IT,2022-02-10 02:12:53,46.4631,10.347,28.42,39,26,3.22
322,Bosaso,SO,2022-02-10 02:12:54,11.2842,49.1816,70.34,67,64,3.13
323,Pasaje,EC,2022-02-10 02:13:54,-3.3333,-79.8167,75.27,90,100,1.99
324,Tianmen,CN,2022-02-10 02:13:54,30.6516,113.1603,41.67,75,13,3.44
325,Pala,TD,2022-02-10 02:13:55,9.3642,14.9046,67.06,12,11,6.49
326,Faya,SA,2022-02-10 02:13:55,18.3851,42.4509,54.12,79,5,3.02
327,Casino,AU,2022-02-10 02:13:55,-28.8667,153.05,82.56,41,0,3.8
328,Kindu,CD,2022-02-10 02:13:55,-2.95,25.95,69.48,98,95,0.85
329,May Pen,JM,2022-02-10 02:13:56,17.9645,-77.2451,79.81,92,7,2.26
330,Tarakan,ID,2022-02-10 02:13:56,3.3,117.6333,78.3,89,75,0.0
331,Kendari,ID,2022-02-10 02:13:56,-3.945,122.4989,76.75,91,100,1.74
332,Kallithea,GR,2022-02-10 02:13:57,37.95,23.7,48.47,72,0,6.91
333,Whitianga,NZ,2022-02-10 02:13:57,-36.8333,175.7,76.84,75,75,6.78
334,Sydney,AU,2022-02-10 02:10:02,-33.8679,151.2073,97.32,49,0,9.22
335,Northam,GB,2022-02-10 02:13:58,51.0333,-4.2167,45.39,90,100,11.63
336,Wawa,NG,2022-02-10 02:13:58,9.9022,4.4192,76.82,22,3,5.66
337,Atikokan,CA,2022-02-10 02:13:58,48.7555,-91.6216,10.08,89,100,10.87
338,Rovnoye,RU,2022-02-10 02:13:59,50.7765,46.0509,30.34,98,100,4.76
339,Puri,IN,2022-02-10 02:13:59,19.8,85.85,64.92,61,5,7.11
340,Honningsvag,NO,2022-02-10 02:13:59,70.9821,25.9704,27.75,77,99,24.74
341,Saint-Leu,RE,2022-02-10 02:14:00,-21.15,55.2833,72.46,79,41,1.57
342,Micheweni,TZ,2022-02-10 02:14:00,-4.9667,39.8333,80.74,74,72,13.04
343,Bhimunipatnam,IN,2022-02-10 02:14:00,17.8833,83.4333,63.91,72,60,2.84
344,Ola,RU,2022-02-10 02:14:01,59.5833,151.2833,5.05,70,95,4.0
345,Hobyo,SO,2022-02-10 02:14:01,5.3505,48.5268,75.83,72,100,20.58
346,Yulara,AU,2022-02-10 02:14:01,-25.2406,130.9889,91.24,25,40,13.8
347,Umm Lajj,SA,2022-02-10 02:14:02,25.0213,37.2685,67.28,58,0,13.11
348,Kattivakkam,IN,2022-02-10 02:14:02,13.2167,80.3167,75.29,82,91,6.26
349,Nome,US,2022-02-10 02:09:35,64.5011,-165.4064,-11.13,70,75,4.61
350,Darnah,LY,2022-02-10 02:14:03,32.767,22.6367,54.05,60,8,20.74
351,Sinnamary,GF,2022-02-10 02:14:03,5.3833,-52.95,76.12,87,37,8.14
352,Ninh Binh,VN,2022-02-10 02:14:03,20.2539,105.975,62.28,89,100,4.61
353,Tayu,ID,2022-02-10 02:14:04,-6.5397,111.0518,81.99,76,100,7.58
354,Caravelas,BR,2022-02-10 02:12:49,-17.7125,-39.2481,76.5,89,80,5.46
355,Morondava,MG,2022-02-10 02:14:04,-20.2833,44.2833,76.6,83,59,6.62
356,Ambovombe,MG,2022-02-10 02:14:04,-25.1667,46.0833,74.26,90,60,5.77
357,Qiyang,CN,2022-02-10 02:14:05,26.5911,111.8474,39.15,90,100,5.61
358,Iizuka,JP,2022-02-10 02:09:12,33.6333,130.6833,49.08,37,100,2.24
359,Marawi,PH,2022-02-10 02:14:05,7.9986,124.2928,69.66,84,100,4.29
360,Saint-Francois,FR,2022-02-10 02:14:06,46.4154,3.9054,35.42,91,0,3.44
361,Borisoglebskiy,RU,2022-02-10 02:14:06,57.2586,39.1508,28.04,94,99,4.97
362,Coquimbo,CL,2022-02-10 02:14:06,-29.9533,-71.3436,64.13,88,100,6.91
363,Poum,NC,2022-02-10 02:14:07,-20.2333,164.0167,81.21,86,95,29.51
364,Yamada,JP,2022-02-10 02:14:07,39.4667,141.95,34.79,81,100,3.78
365,Salalah,OM,2022-02-10 02:14:07,17.0151,54.0924,69.89,23,0,12.66
366,Bereda,ES,2022-02-10 02:14:08,43.2686,-7.5406,45.41,97,44,2.15
367,Kulu,TR,2022-02-10 02:14:08,39.0951,33.0799,22.87,83,55,11.27
368,Lagoa,PT,2022-02-10 02:14:08,39.05,-27.9833,58.59,68,1,15.59
369,Usinsk,RU,2022-02-10 02:14:09,65.9939,57.5281,16.97,74,98,25.79
370,Leh,IN,2022-02-10 02:15:09,34.1667,77.5833,-9.4,91,98,3.13
371,Dukat,RU,2022-02-10 02:13:18,62.55,155.55,-10.01,76,58,3.27
372,Kirakira,SB,2022-02-10 02:15:09,-10.4544,161.9205,83.17,79,100,11.25
373,West Bay,KY,2022-02-10 02:15:10,19.3667,-81.4167,78.01,85,20,2.3
374,Soroti,UG,2022-02-10 02:15:10,1.7146,33.6111,67.14,67,94,3.85
375,Grand Baie,MU,2022-02-10 02:14:08,-20.0182,57.5802,73.87,78,93,1.99
376,Atasu,KZ,2022-02-10 02:11:03,48.6814,71.6433,4.01,98,93,3.31
377,Kumylzhenskaya,RU,2022-02-10 02:15:11,49.8809,42.5898,17.87,94,37,8.28
378,Moranbah,AU,2022-02-10 02:15:11,-22.0016,148.0466,89.46,37,0,4.68
379,Melita,CA,2022-02-10 02:15:12,49.2681,-100.9967,3.88,98,10,1.74
380,Avera,US,2022-02-10 02:13:20,33.194,-82.5271,52.54,55,0,6.71
381,Taiobeiras,BR,2022-02-10 02:15:12,-15.8078,-42.2331,66.42,92,100,1.86
382,Clyde River,CA,2022-02-10 02:12:54,70.4692,-68.5914,-15.3,90,100,14.67
383,Kamaishi,JP,2022-02-10 02:15:13,39.2667,141.8833,29.35,89,100,5.44
384,Neustadt,DE,2022-02-10 02:15:13,49.7117,12.0872,39.29,92,0,0.0
385,Biltine,TD,2022-02-10 02:15:13,14.5333,20.9167,62.58,15,0,12.06
386,Le Port,RE,2022-02-10 02:15:14,-20.9373,55.2919,75.2,81,51,4.43
387,Nabire,ID,2022-02-10 02:15:14,-3.3667,135.4833,79.16,89,100,4.07
388,Kavieng,PG,2022-02-10 02:13:01,-2.5744,150.7967,84.38,71,30,5.53
389,Richards Bay,ZA,2022-02-10 02:15:14,-28.783,32.0377,69.39,92,2,3.29
390,Durango,MX,2022-02-10 02:13:05,24.8333,-104.8333,50.5,28,100,0.98
391,Tahe,CN,2022-02-10 02:15:15,52.3333,124.7333,4.69,84,95,2.59
392,Giovinazzo,IT,2022-02-10 02:15:15,41.1864,16.6674,49.21,80,0,8.05
393,Ajdabiya,LY,2022-02-10 02:15:16,30.7554,20.2263,48.36,67,0,7.27
394,Almeirim,BR,2022-02-10 02:15:16,-1.5233,-52.5817,73.67,95,90,3.44
395,Kimbe,PG,2022-02-10 02:15:16,-5.5502,150.1429,87.62,63,49,6.76
396,La Reforma,MX,2022-02-10 02:15:17,25.0833,-108.05,66.74,74,100,4.97
397,Hazorasp,UZ,2022-02-10 02:15:17,41.3194,61.0742,30.04,64,10,10.8
398,Neuquen,AR,2022-02-10 02:15:17,-38.9516,-68.0591,82.29,26,20,8.05
399,Koslan,RU,2022-02-10 02:15:18,63.4564,48.8989,18.7,93,100,10.07
400,Yudong,CN,2022-02-10 02:15:18,29.385,106.5194,49.37,82,100,2.73
401,Mufulira,ZM,2022-02-10 02:15:18,-12.5498,28.2407,62.53,97,100,3.87
402,Vao,NC,2022-02-10 02:15:19,-22.6667,167.4833,81.05,86,100,30.62
403,Lubango,AO,2022-02-10 02:15:19,-14.9172,13.4925,57.65,74,100,2.62
404,Port Shepstone,ZA,2022-02-10 02:15:19,-30.7414,30.455,74.86,80,99,7.38
405,Sambava,MG,2022-02-10 02:10:40,-14.2667,50.1667,75.38,91,100,5.21
406,Boyle,US,2022-02-10 02:15:20,37.6334,-84.8666,46.27,57,0,5.75
407,Meulaboh,ID,2022-02-10 02:15:20,4.1363,96.1285,75.15,87,100,9.48
408,Seoul,KR,2022-02-10 02:12:34,37.5683,126.9778,42.31,35,3,2.59
409,Camacha,PT,2022-02-10 02:15:20,33.0833,-16.3333,62.02,88,0,6.91
410,Isangel,VU,2022-02-10 02:14:01,-19.55,169.2667,78.06,94,100,38.39
411,Gubkinskiy,RU,2022-02-10 02:15:21,64.434,76.5026,-10.28,89,12,11.3
412,Srednekolymsk,RU,2022-02-10 02:15:21,67.45,153.6833,-32.98,96,61,6.67
413,Acapulco,MX,2022-02-10 02:11:01,16.8634,-99.8901,78.62,69,40,4.61
414,Bassano,CA,2022-02-10 02:15:22,50.7834,-112.4685,45.09,55,99,7.38
415,Te Anau,NZ,2022-02-10 02:15:22,-45.4167,167.7167,74.39,41,0,7.92
416,Imeni Babushkina,RU,2022-02-10 02:15:22,59.7573,43.1285,22.17,95,100,6.98
417,Westport,US,2022-02-10 02:16:23,41.1415,-73.3579,39.97,85,0,1.01
418,Lima,PE,2022-02-10 02:12:22,-12.0432,-77.0282,71.91,80,0,2.3
419,Taoudenni,ML,2022-02-10 02:16:23,22.6783,-3.9836,63.12,22,1,12.01
420,Marshall,US,2022-02-10 02:11:47,34.3834,-86.3333,49.93,56,0,0.0
421,Grand Gaube,MU,2022-02-10 02:13:10,-20.0064,57.6608,73.8,78,88,1.99
422,Cap Malheureux,MU,2022-02-10 02:16:24,-19.9842,57.6142,73.89,77,89,1.01
423,Kieta,PG,2022-02-10 02:16:24,-6.2167,155.6333,85.08,74,40,7.92
424,Iracoubo,GF,2022-02-10 02:16:25,5.4802,-53.2011,76.53,85,20,8.14
425,Vilhena,BR,2022-02-10 02:16:25,-12.7406,-60.1458,67.69,98,100,2.33
426,Winneba,GH,2022-02-10 02:16:25,5.3511,-0.6231,77.74,90,22,4.97
427,Siva,EG,2022-02-10 02:16:26,29.2041,25.5195,49.06,56,4,9.04
428,Novyy Yarychiv,UA,2022-02-10 02:16:26,49.9044,24.3052,40.33,88,99,13.44
429,Talcahuano,CL,2022-02-10 02:16:26,-36.7167,-73.1167,62.28,51,0,8.05
430,Chetumal,MX,2022-02-10 02:14:33,18.5,-88.3,71.42,79,6,6.96
431,Yeppoon,AU,2022-02-10 02:16:27,-23.1333,150.7333,87.58,55,0,11.27
432,Barbate,ES,2022-02-10 02:16:27,36.1924,-5.9219,57.13,81,0,15.9
433,Puerto Leguizamo,CO,2022-02-10 02:16:28,-0.1934,-74.7819,71.15,93,99,1.41
434,Dickinson,US,2022-02-10 02:14:59,29.4608,-95.0513,60.17,75,0,8.05
435,Clearwater,US,2022-02-10 02:11:51,27.9659,-82.8001,55.9,73,0,15.01
436,Evensk,RU,2022-02-10 02:12:17,61.95,159.2333,-4.61,74,74,1.59
437,Nadvoitsy,RU,2022-02-10 02:16:28,63.8667,34.3167,25.18,94,100,8.55
438,Luziania,BR,2022-02-10 02:13:15,-16.2525,-47.9503,71.98,91,100,2.82
439,Pisco,PE,2022-02-10 02:16:29,-13.7,-76.2167,72.01,78,75,3.44
440,Vysokogornyy,RU,2022-02-10 02:16:29,50.1167,139.15,11.03,81,24,2.35
441,Horsham,GB,2022-02-10 02:16:29,51.064,-0.3272,48.7,91,75,5.75
442,Pravia,ES,2022-02-10 02:16:30,43.4906,-6.1508,47.23,76,34,5.75
443,Krasnogorskoye,RU,2022-02-10 02:16:30,52.2953,86.1979,-10.95,100,91,2.01
444,Luanda,AO,2022-02-10 02:16:30,-8.8368,13.2343,77.0,78,75,4.61
445,Isabela,PH,2022-02-10 02:16:31,6.7085,121.9711,84.25,69,48,3.53
446,Praya,CV,2022-02-10 02:16:31,14.9215,-23.5087,73.94,60,0,11.5
447,General Pico,AR,2022-02-10 02:16:31,-35.6566,-63.7568,69.8,56,4,10.11
448,Thinadhoo,MV,2022-02-10 02:16:32,0.5333,72.9333,81.55,73,32,10.4
449,Deputatskiy,RU,2022-02-10 02:13:27,69.3,139.9,-24.92,85,81,6.42
450,Yankton,US,2022-02-10 02:13:41,42.8711,-97.3973,33.12,69,0,6.91
451,Kurilsk,RU,2022-02-10 02:16:32,45.2333,147.8833,24.48,69,100,16.06
452,Constitucion,CL,2022-02-10 02:15:56,-35.3333,-72.4167,58.46,86,2,6.85
453,Susanville,US,2022-02-10 02:16:33,40.4163,-120.653,44.44,55,0,3.44
454,Atar,MR,2022-02-10 02:16:33,20.5169,-13.0499,67.62,12,7,10.29
455,Boyolangu,ID,2022-02-10 02:16:33,-8.1181,111.8935,80.8,75,97,3.53
456,Alta Floresta,BR,2022-02-10 02:16:34,-9.8756,-56.0861,70.63,98,100,1.97
457,Pereslavl-Zalesskiy,RU,2022-02-10 02:16:34,56.7393,38.8563,24.44,95,100,5.14
458,Strathpeffer,GB,2022-02-10 02:16:35,57.588,-4.5382,35.29,92,47,14.32
459,Eldorado,BR,2022-02-10 02:16:35,-23.7869,-54.2836,71.08,64,4,4.07
460,Mogadishu,SO,2022-02-10 02:16:35,2.0371,45.3438,75.7,79,91,19.55
461,Noumea,NC,2022-02-10 02:16:36,-22.2763,166.4572,84.18,99,100,18.54
462,Tura,IN,2022-02-10 02:16:36,25.5198,90.2201,61.27,63,51,1.54
463,Sungaipenuh,ID,2022-02-10 02:17:36,-2.0833,101.3833,69.87,52,95,0.54
464,Baturaja,ID,2022-02-10 02:17:37,-4.1333,104.1667,74.39,91,100,1.12
465,Henties Bay,NA,2022-02-10 02:17:37,-22.116,14.2845,66.85,87,0,5.73
466,Kibara,TZ,2022-02-10 02:17:37,-2.15,33.45,70.25,77,100,14.79
467,Conde,BR,2022-02-10 02:17:38,-7.2597,-34.9075,76.46,83,0,2.3
468,Kalaleh,IR,2022-02-10 02:17:38,37.3807,55.4916,50.36,70,0,0.0
469,Hamilton,US,2022-02-10 02:13:08,39.1834,-84.5333,44.64,64,100,12.66
470,Larsnes,NO,2022-02-10 02:17:38,62.2028,5.5773,37.6,71,100,10.69
471,Tongliao,CN,2022-02-10 02:17:39,43.6125,122.2653,14.56,89,56,3.15
472,Neryungri,RU,2022-02-10 02:17:39,56.6709,124.6491,-20.72,99,99,3.4
473,Lazaro Cardenas,MX,2022-02-10 02:17:39,17.9583,-102.2,74.5,67,0,6.22
474,Hofn,IS,2022-02-10 02:17:40,64.2539,-15.2082,21.18,72,43,17.49
475,Takaka,NZ,2022-02-10 02:17:40,-40.85,172.8,70.97,98,100,8.63
476,Dovolnoye,RU,2022-02-10 02:17:41,54.4958,79.6671,-15.16,95,5,8.03
477,Mareeba,AU,2022-02-10 02:17:41,-17.0,145.4333,87.44,57,86,2.06
478,Arlit,NE,2022-02-10 02:17:41,18.7369,7.3853,64.72,9,0,9.24
479,Hereford,GB,2022-02-10 02:17:42,52.0568,-2.7148,43.83,85,100,7.34
480,Tchaourou,BJ,2022-02-10 02:17:42,8.8865,2.5975,75.87,18,72,0.31
481,Dongsheng,CN,2022-02-10 02:17:42,39.8161,109.9776,22.51,49,89,10.45
482,Tazovskiy,RU,2022-02-10 02:17:42,67.4667,78.7,-2.87,97,46,10.25
483,Leshukonskoye,RU,2022-02-10 02:17:43,64.8989,45.7622,17.91,93,100,9.08
484,Cidreira,BR,2022-02-10 02:17:43,-30.1811,-50.2056,72.28,70,98,14.27
485,Padang,ID,2022-02-10 02:17:43,-0.9492,100.3543,82.45,53,100,0.67
486,Suluq,LY,2022-02-10 02:17:44,31.6682,20.2521,47.59,67,0,7.38
487,Poronaysk,RU,2022-02-10 02:17:44,49.2167,143.1167,19.29,75,41,3.83
488,Mangrol,IN,2022-02-10 02:17:44,21.1167,70.1167,65.37,50,100,14.5
489,Mandalgovi,MN,2022-02-10 02:17:45,45.7625,106.2708,3.25,78,100,6.87
490,Cardston,CA,2022-02-10 02:15:14,49.2,-113.3019,46.49,49,23,18.41
491,Cockburn Town,TC,2022-02-10 02:17:45,21.4612,-71.1419,77.92,74,0,19.64
492,Hongjiang,CN,2022-02-10 02:17:46,27.11,109.9956,40.01,93,100,2.44
493,Chakradharpur,IN,2022-02-10 02:17:46,22.7,85.6333,67.1,64,55,1.43
494,Omachi,JP,2022-02-10 02:17:46,36.5,137.8667,30.42,92,100,1.83
495,Wattegama,LK,2022-02-10 02:17:47,6.7989,81.4808,74.46,76,96,2.84
496,Alugan,PH,2022-02-10 02:17:47,12.2188,125.4808,81.12,72,100,15.01
497,Husavik,IS,2022-02-10 02:17:47,66.0449,-17.3389,10.31,72,71,7.2
498,Atbasar,KZ,2022-02-10 02:17:48,51.8,68.3333,-8.63,100,93,6.62
499,Puerto Ayacucho,VE,2022-02-10 02:17:48,5.6639,-67.6236,76.75,87,97,4.74
500,Dudinka,RU,2022-02-10 02:17:48,69.4058,86.1778,-5.39,98,100,16.06
501,Margate,GB,2022-02-10 02:17:49,51.3813,1.3862,48.96,89,100,1.99
502,Maniitsoq,GL,2022-02-10 02:17:49,65.4167,-52.9,15.91,94,100,9.06
503,Malartic,CA,2022-02-10 02:17:50,48.1335,-78.1328,30.02,93,100,11.03
504,Sheridan,US,2022-02-10 02:15:02,44.8333,-106.9173,42.31,62,40,10.36
505,Plainview,US,2022-02-10 02:17:50,40.7765,-73.4673,40.86,82,0,3.44
506,Healdsburg,US,2022-02-10 02:17:24,38.6105,-122.8692,67.44,60,0,3.44
507,Kutum,SD,2022-02-10 02:17:50,14.2,24.6667,53.69,21,0,6.55
508,Hasaki,JP,2022-02-10 02:17:51,35.7333,140.8333,41.4,81,100,15.86
509,Hibbing,US,2022-02-10 02:17:51,47.4272,-92.9377,17.2,46,100,24.16
510,Yalutorovsk,RU,2022-02-10 02:18:51,56.6536,66.3006,-2.04,97,18,6.87
511,Hailey,US,2022-02-10 02:18:52,43.5196,-114.3153,26.46,80,0,1.99
512,Parrita,CR,2022-02-10 02:18:52,9.5201,-84.3225,82.17,81,22,2.39
513,Itarema,BR,2022-02-10 02:18:52,-2.9248,-39.9167,77.85,77,16,8.28
514,Xuddur,SO,2022-02-10 02:18:53,4.1213,43.8894,65.91,75,89,17.0
515,Yarmouth,US,2022-02-10 02:18:53,41.7057,-70.2286,37.98,84,0,8.05
516,Elat,IL,2022-02-10 02:18:53,29.5581,34.9482,51.64,58,0,9.22
517,Yakeshi,CN,2022-02-10 02:18:54,49.2833,120.7333,-0.78,94,100,4.29
518,San Andres,CO,2022-02-10 02:14:13,12.5847,-81.7006,80.62,74,20,9.22
519,Ayan,RU,2022-02-10 02:18:54,56.45,138.1667,16.07,93,100,9.04
520,Affton,US,2022-02-10 02:18:54,38.5506,-90.3332,44.15,63,0,4.61
521,Koregaon,IN,2022-02-10 02:18:55,18.65,74.0833,61.52,47,67,4.32
522,Vila Velha,BR,2022-02-10 02:18:10,-20.3297,-40.2925,75.15,85,75,6.91
523,Wembley,AU,2022-02-10 02:18:55,-31.9333,115.8,86.68,36,0,14.97
524,Skjervoy,NO,2022-02-10 02:18:56,70.0311,20.9714,29.34,59,96,11.83
525,Kodinsk,RU,2022-02-10 02:18:56,58.6881,99.1844,-22.7,100,66,2.48
526,Porto Novo,BJ,2022-02-10 02:18:56,6.4965,2.6036,82.22,89,2,4.54
527,Erenhot,CN,2022-02-10 02:18:57,43.6475,111.9767,10.83,77,62,8.59
528,Asau,RO,2022-02-10 02:18:57,46.4333,26.4,29.32,89,26,6.89
529,Abnub,EG,2022-02-10 02:18:57,27.2696,31.1511,44.82,61,0,10.16
530,Baruun-Urt,MN,2022-02-10 02:18:58,46.6806,113.2792,3.6,90,100,8.48
531,Aripuana,BR,2022-02-10 02:18:58,-9.1667,-60.6333,72.61,99,98,1.66
532,Hannibal,US,2022-02-10 02:18:58,39.7084,-91.3585,40.82,65,75,8.05
533,Bonavista,CA,2022-02-10 02:18:59,48.6499,-53.1147,36.12,94,100,19.82
534,Bull Savanna,JM,2022-02-10 02:18:59,17.8868,-77.5902,72.81,85,13,4.18
535,Trincomalee,LK,2022-02-10 02:18:59,8.5711,81.2335,78.51,84,100,11.74
536,Anju,KP,2022-02-10 02:19:00,39.6178,125.6647,31.55,51,5,2.64
537,Manjacaze,MZ,2022-02-10 02:19:00,-24.7117,33.8828,68.34,94,0,3.18
538,Puerto Del Rosario,ES,2022-02-10 02:19:00,28.5004,-13.8627,74.88,40,97,4.61
539,Nayoro,JP,2022-02-10 02:19:01,44.3506,142.4578,24.01,86,54,1.74
540,Grande Prairie,CA,2022-02-10 02:19:01,55.1667,-118.8027,46.58,66,75,27.63
541,Imeni Morozova,RU,2022-02-10 02:19:01,59.9757,31.0376,36.01,98,100,11.68
542,Fort Saint James,CA,2022-02-10 02:19:02,54.4333,-124.25,46.15,78,50,13.13
543,Doha,QA,2022-02-10 02:19:02,25.2867,51.5333,58.98,74,0,3.44
544,Lewistown,US,2022-02-10 02:19:03,40.5992,-77.5714,43.57,93,75,0.0
545,Lakes Entrance,AU,2022-02-10 02:19:03,-37.8811,147.981,71.17,68,100,9.51
546,Ostrovnoy,RU,2022-02-10 02:19:03,68.0531,39.5131,23.5,87,100,21.88
547,Lagos,NG,2022-02-10 02:18:56,6.5833,3.75,82.72,95,1,1.54
548,Abilene,US,2022-02-10 02:19:04,32.4487,-99.7331,55.26,33,0,4.61
549,Sayyan,YE,2022-02-10 02:19:04,15.1718,44.3244,49.68,39,0,1.59
550,Ambilobe,MG,2022-02-10 02:19:04,-13.2,49.05,73.87,97,100,1.32
551,Silifke,TR,2022-02-10 02:19:05,36.3778,33.9344,44.02,61,15,16.37
552,Aojiang,CN,2022-02-10 02:19:05,22.9421,116.0359,60.03,75,80,8.79
553,Rawson,AR,2022-02-10 02:19:05,-43.3002,-65.1023,64.53,85,100,8.99
554,Mayor Pablo Lagerenza,PY,2022-02-10 02:19:06,-19.9309,-60.7718,75.58,31,2,3.04
555,Sivaki,RU,2022-02-10 02:19:06,52.6333,126.75,4.26,82,91,5.17
556,Shitanjing,CN,2022-02-10 02:19:06,39.2342,106.3439,21.45,51,100,4.07
557,Sorland,NO,2022-02-10 02:20:07,67.667,12.6934,40.98,73,100,27.25
558,Taltal,CL,2022-02-10 02:20:07,-25.4,-70.4833,65.25,80,0,2.39
559,Tolmezzo,IT,2022-02-10 02:20:08,46.4075,13.0175,39.22,82,11,3.06
560,Kasongo-Lunda,CD,2022-02-10 02:20:08,-6.4667,16.8167,68.9,92,73,0.74
561,Ihtiman,BG,2022-02-10 02:20:08,42.4333,23.8167,29.39,75,6,4.27
562,San-Pedro,CI,2022-02-10 02:20:09,4.7485,-6.6363,77.65,92,6,3.56
563,Okha,RU,2022-02-10 02:20:09,53.5739,142.9478,16.86,94,100,12.77
564,Kathmandu,NP,2022-02-10 02:20:09,27.7167,85.3167,44.82,93,20,2.3
565,Yumen,CN,2022-02-10 02:20:10,40.2833,97.2,22.64,43,100,10.65
566,Yerbogachen,RU,2022-02-10 02:20:10,61.2767,108.0108,-21.26,97,94,4.14
567,Sakakah,SA,2022-02-10 02:20:10,29.9697,40.2064,53.17,61,0,13.35
568,Ankara,TR,2022-02-10 02:19:24,39.9199,32.8543,33.35,64,0,8.05
569,Rosetta,EG,2022-02-10 02:20:11,31.4044,30.4164,46.22,56,100,26.15
570,Baixa Grande,BR,2022-02-10 02:20:11,-11.9597,-40.1681,73.69,84,51,5.28
571,Aasiaat,GL,2022-02-10 02:20:12,68.7098,-52.8699,-4.72,97,100,18.68
572,Kirkenaer,NO,2022-02-10 02:20:12,60.4564,12.0582,35.46,58,0,15.21
573,Tahlequah,US,2022-02-10 02:20:12,35.9154,-94.97,51.4,60,0,0.0
574,Urusha,RU,2022-02-10 02:20:13,54.05,122.9,1.62,75,96,1.63
575,Zyryanka,RU,2022-02-10 02:20:13,65.75,150.85,-27.2,89,68,4.59
576,Ponferrada,ES,2022-02-10 02:20:13,42.5466,-6.5962,50.11,50,70,2.08
577,Batagay-Alyta,RU,2022-02-10 02:20:14,67.8006,130.4114,-23.64,89,51,4.09
578,Catalina,US,2022-02-10 02:20:14,32.5056,-110.9211,66.51,21,0,5.73
579,Peniche,PT,2022-02-10 02:20:15,39.3558,-9.3811,55.45,87,51,6.06
580,Libenge,CD,2022-02-10 02:20:15,3.65,18.6333,71.01,29,70,3.04
581,Belmonte,BR,2022-02-10 02:20:15,-15.8631,-38.8828,79.3,86,0,6.91
582,Naze,JP,2022-02-10 02:18:57,28.3667,129.4833,59.92,79,97,13.96
